NFIRS Code,NFIRS Incident Type Code Description,NERIS Category,NERIS Subcategory,NERIS Description,NERIS Definition
100,"Fire, other",Fire,Transportation Fire,Powered mobility device fire,A transportation fire incident involving a powered mobility device.
100,"Fire, other",Fire,Special Fire,ESS fire (Energy Storage System),"A special fire incident involving an Energy Storage System (ESS), often involving batteries or other energy storing technologies."
100,"Fire, other",Fire,Outside Fire,Utility infrastructure fire,"An outdoor fire incident involving the ignition and combustion of materials associated with utility infrastructure, such as power lines, transformers, or pipelines, potentially disrupting essential services."
111,Building fire. Excludes confined fires (113–118).,Fire,Structure Fire,"Structural involvement fire, room and contents fire",A structure fire incident involving the structural components of a building; structure fire incident involving the room and contents of a building(s).
112,"Fire in structure, other than in a building. Included are fires on or in piers, quays, or pilings: tunnels or under- ground connecting structures; bridges, trestles, or overhead elevated structures; transformers, power or utility vaults or equipment; fences; and tents.",Fire,Special Fire,"Infrastructure fire (Fence, Tunnel, Bridge)","A special fire incident involving an explosion that affects infrastructure, such as pipelines, power lines, tunnels, bridges, or other critical systems."
113,Cooking fire involving the contents of a cooking vessel without fire extension beyond the vessel.,Fire,Structure Fire,"Confined cooking, appliance fire",A structure fire incident involving a confined cooking or appliance fire.
114,Chimney or flue fire originating in and confined to a chimney or flue. Excludes fires that extend beyond the chimney (111 or 112).,Fire,Structure Fire,Chimney fire,A structure fire incident involving a chimney fire.
115,"Incinerator overload or malfunction, but flames cause no damage outside the incinerator.",Fire,Outside Fire,"Dumpster, outdoor container fire","An outdoor fire incident involving the combustion of materials inside a dumpster or similar container, often consisting of waste and discarded items."
116,"Fuel burner/boiler, delayed ignition or malfunction, where flames cause no damage outside the fire box.",Fire,Outside Fire,"Dumpster, outdoor container fire","An outdoor fire incident involving the combustion of materials inside a dumpster or similar container, often consisting of waste and discarded items."
117,"Commercial compactor fire, confined to contents of compactor. Excluded are home trash compactors.",Fire,Outside Fire,"Dumpster, outdoor container fire","An outdoor fire incident involving the combustion of materials inside a dumpster or similar container, often consisting of waste and discarded items."
118,"Trash or rubbish fire in a structure, with no flame damage to structure or its contents.",Fire,Outside Fire,"Trash, Rubbish fire","An outdoor fire incident involving the burning of trash or rubbish, including discarded materials and waste products."
120,"Fire in mobile property used as a fixed structure, other.",Fire,Structure Fire,"Structural involvement fire, room and contents fire",A structure fire incident involving the structural components of a building; structure fire incident involving the room and contents of a building(s).
121,Fire in mobile home used as a fixed residence. Includes mobile homes when not in transit and used as a structure for residential purposes; and manufactured homes built on a permanent chassis.,Fire,Structure Fire,"Structural involvement fire, room and contents fire",A structure fire incident involving the structural components of a building; structure fire incident involving the room and contents of a building(s).
122,"Fire in a motor home, camper, or recreational vehicle when used as a structure. Includes motor homes when not in transit and used as a structure for residential purposes.",Fire,Structure Fire,"Structural involvement fire, room and contents fire",A structure fire incident involving the structural components of a building; structure fire incident involving the room and contents of a building(s).
123,"Fire in a portable building, when used at a fixed location. Includes portable buildings used for commerce, industry, or education and trailers used for commercial purposes.",Fire,Structure Fire,"Structural involvement fire, room and contents fire",A structure fire incident involving the structural components of a building; structure fire incident involving the room and contents of a building(s).
130,"Mobile property (vehicle) fire, other",Fire,Transportation Fire,Vehicle fire,A transportation fire incident involving a passenger vehicle.
131,"Passenger vehicle fire. Includes any motorized passenger vehicle, other than a motor home (136) (e.g., pickup trucks, sport utility vehicles, buses).",Fire,Transportation Fire,"Vehicle fire, Passenger",A transportation fire incident involving a passenger vehicle.
132,"Road freight or transport vehicle fire. Includes commercial freight hauling vehicles and contractor vans or trucks. Examples are moving trucks, plumber vans, and delivery trucks.",Fire,Transportation Fire,"Vehicle fire, Commercial",A transportation fire incident involving a commercial vehicle
133,"Rail vehicle fire. Includes all rail cars, including intermodal containers and passenger cars that are mounted on a rail car.",Fire,Transportation Fire,"Train, Rail fire",A transportation fire incident involving a train or rail-related vehicle.
134,"Water vehicle fire. Includes boats, barges, hovercraft, and all other vehicles designed for navigation on water.",Fire,Transportation Fire,"Boat, personal watercraft, barge fire","A transportation fire incident involving a boat, personal watercraft, or barge."
135,"Aircraft fire. Includes fires originating in or on an aircraft, regardless of use.",Fire,Transportation Fire,Aircraft fire,A transportation fire incident involving an aircraft emergency.
136,Self-propelled motor home or recreational vehicle. Includes only self-propelled motor homes or recreational vehicles when being used in a transport mode. Excludes those used for normal residential use (122).,Fire,Transportation Fire,"Vehicle fire, RV",A transportation fire incident involving a recreational vehicle (RV).
137,"Camper or recreational vehicle (RV) fire, not self-propelled. Includes trailers. Excludes RVs on blocks or used regularly as a fixed building (122) and the vehicle towing the camper or RV or the campers mounted on pick ups (131).",Fire,Transportation Fire,"Vehicle fire, RV",A transportation fire incident involving a recreational vehicle (RV).
138,"Off-road vehicle or heavy equipment fire. Includes dirt bikes, specialty off-road vehicles, earth-moving equipment (bulldozers), and farm equipment.",Fire,Transportation Fire,"Vehicle fire, Commercial RV",A transportation fire incident involving a recreational vehicle (RV).
140,"Natural vegetation fire, other",Fire,Outside Fire,"Vegetation, Grass fire","An outdoor fire incident involving the ignition and spread of fire through vegetation, grass, or other plant materials"
140,"Natural vegetation fire, other",Fire,Outside Fire,"Wildfire, WUI fire","An outdoor fire incident occurring at the boundary between urban areas and wildland, where fire spreads from natural vegetation to residential or developed landscapes, posing risks to structures and communities."
141,"Forest, woods, or wildland fire. Includes fires involving vegetative fuels, other than prescribed fire (632), that occur in an area in which development is essentially nonexistent, except for roads, railroads, power lines, and the like. Also includes forests managed for lumber production and fires involving elevated fuels such as tree branches and crowns. Excludes areas in cultivation for agricultural purposes such as tree farms or crops (17x series).",Fire,Outside Fire,"Vegetation, Grass fire","An outdoor fire incident involving the ignition and spread of fire through vegetation, grass, or other plant materials."
141,"Forest, woods, or wildland fire. Includes fires involving vegetative fuels, other than prescribed fire (632), that occur in an area in which development is essentially nonexistent, except for roads, railroads, power lines, and the like. Also includes forests managed for lumber production and fires involving elevated fuels such as tree branches and crowns. Excludes areas in cultivation for agricultural purposes such as tree farms or crops (17x series).",Fire,Outside Fire,"Wildfire, WUI fire","An outdoor fire incident occurring at the boundary between urban areas and wildland, where fire spreads from natural vegetation to residential or developed landscapes, posing risks to structures and communities."
142,"Brush or brush-and-grass mixture fire. Includes ground fuels lying on or immediately above the ground such as duff, roots, dead leaves, fine dead wood, and downed logs.",Fire,Outside Fire,"Wildfire, WUI fire","An outdoor fire incident occurring at the boundary between urban areas and wildland, where fire spreads from natural vegetation to residential or developed landscapes, posing risks to structures and communities."
142,"Brush or brush-and-grass mixture fire. Includes ground fuels lying on or immediately above the ground such as duff, roots, dead leaves, fine dead wood, and downed logs.",Fire,Outside Fire,"Vegetation, Grass fire","An outdoor fire incident involving the ignition and spread of fire through vegetation, grass, or other plant materials."
143,"Grass fire. Includes fire confined to area characterized by grass ground cover, with little or no involvement of other ground fuels; otherwise, see 142.",Fire,Outside Fire,"Wildfire, WUI fire","An outdoor fire incident occurring at the boundary between urban areas and wildland, where fire spreads from natural vegetation to residential or developed landscapes, posing risks to structures and communities."
143,"Grass fire. Includes fire confined to area characterized by grass ground cover, with little or no involvement of other ground fuels; otherwise, see 142.",Fire,Outside Fire,"Vegetation, Grass fire","An outdoor fire incident involving the ignition and spread of fire through vegetation, grass, or other plant materials."
150,"Outside rubbish fire, other",Fire,Outside Fire,Other outside fire,An outdoor fire incident involving materials unknown or not specifically categorized.
151,"Outside rubbish, trash, or waste fire not included in 152–155. Excludes outside rubbish fires in a container or receptacle (154).",Fire,Outside Fire,"Trash, Rubbish fire","An outdoor fire incident involving the burning of trash or rubbish, including discarded materials and waste products."
152,Garbage dump or sanitary landfill fire,Fire,Outside Fire,Other outside fire,An outdoor fire incident involving materials unknown or not specifically categorized.
153,Construction or demolition landfill fire,Fire,Outside Fire,Construction waste,"An outdoor fire incident involving the ignition and combustion of construction materials, debris, or waste."
154,Dumpster or other outside trash receptacle fire. Includes waste material from manufacturing or other production processes. Excludes materials that are not rubbish or have salvage value (161 or 162).,Fire,Outside Fire,Outside tank fire,"An outdoor fire incident involving the ignition and combustion of flammable materials contained within a tank, such as fuel or chemicals."
155,Outside stationary compactor or compacted trash fire. Includes fires where the only material burning is rubbish. Excludes fires where the compactor is damaged (162).,Fire,Outside Fire,"Dumpster, outdoor container fire","An outdoor fire incident involving the combustion of materials inside a dumpster or similar container, often consisting of waste and discarded items."
160,"Special outside fire, other",Fire,Outside Fire,Other outside fire,An outdoor fire incident involving materials unknown or not specifically categorized.
161,"Outside storage fire on residential or commercial/industrial property, not rubbish. Includes recyclable materials at drop-off points.",Fire,Outside Fire,Other outside fire,An outdoor fire incident involving materials unknown or not specifically categorized.
162,"Outside equipment fire. Includes outside trash compactors, outside HVAC units, and irrigation pumps. Excludes special structures (110 series) and mobile construction equipment (130 series).",Fire,Outside Fire,Outside tank fire,"An outdoor fire incident involving the ignition and combustion of flammable materials contained within a tank, such as fuel or chemicals."
163,Outside gas or vapor combustion explosion without sustained fire.,Fire,Special Fire,Explosion,"A special fire incident involving an explosion that can cause extensive damage to infrastructure, such as buildings, pipelines, power lines, or other critical systems."
164,Outside mailbox fire. Includes drop-off boxes for delivery services.,Fire,Structure Fire,Structural Involvement fire,A structure fire incident involving the structural components of a building.
170,"Cultivated vegetation, crop fire, other",Fire,Outside Fire,"Vegetation, Grass fire","An outdoor fire incident involving the ignition and spread of fire through vegetation, grass, or other plant materials."
170,"Cultivated vegetation, crop fire, other",Fire,Outside Fire,"Wildfire, WUI fire","An outdoor fire incident occurring at the boundary between urban areas and wildland, where fire spreads from natural vegetation to residential or developed landscapes, posing risks to structures and communities."
171,"Cultivated grain or crop fire. Includes fires involving corn, wheat, soybeans, rice, and other plants before harvest.",Fire,Outside Fire,"Vegetation, Grass fire","An outdoor fire incident involving the ignition and spread of fire through vegetation, grass, or other plant materials."
171,"Cultivated grain or crop fire. Includes fires involving corn, wheat, soybeans, rice, and other plants before harvest.",Fire,Outside Fire,"Wildfire, WUI fire","An outdoor fire incident occurring at the boundary between urban areas and wildland, where fire spreads from natural vegetation to residential or developed landscapes, posing risks to structures and communities."
172,Cultivated orchard or vineyard fire,Fire,Outside Fire,"Vegetation, Grass fire","An outdoor fire incident involving the ignition and spread of fire through vegetation, grass, or other plant materials."
172,Cultivated orchard or vineyard fire,Fire,Outside Fire,"Wildfire, WUI fire","An outdoor fire incident occurring at the boundary between urban areas and wildland, where fire spreads from natural vegetation to residential or developed landscapes, posing risks to structures and communities."
173,Cultivated trees or nursery stock fire. Includes fires involving Christmas tree farms and plants under cultivation for transport off-site for ornamental use.,Fire,Outside Fire,"Vegetation, Grass fire","An outdoor fire incident involving the ignition and spread of fire through vegetation, grass, or other plant materials."
173,Cultivated trees or nursery stock fire. Includes fires involving Christmas tree farms and plants under cultivation for transport off-site for ornamental use.,Fire,Outside Fire,"Wildfire, WUI fire","An outdoor fire incident occurring at the boundary between urban areas and wildland, where fire spreads from natural vegetation to residential or developed landscapes, posing risks to structures and communities."
200,"Overpressure rupture, explosion, overheat, other",HazSit,Overpressure,Rupture without fire,A hazardous materials incident involving a over pressurization resulting in rupture without fire.
210,"Overpressure rupture from steam, other.",HazSit,Overpressure,Rupture without fire,A hazardous materials incident involving a over pressurization resulting in rupture without fire.
211,Overpressure rupture of steam pipe or pipeline.,HazSit,Overpressure,Rupture without fire,A hazardous materials incident involving a over pressurization resulting in rupture without fire.
212,Overpressure rupture of steam boiler.,HazSit,Overpressure,Rupture without fire,A hazardous materials incident involving a over pressurization resulting in rupture without fire.
213,Overpressure rupture of pressure or process vessel from steam.,HazSit,Overpressure,Rupture without fire,A hazardous materials incident involving a over pressurization resulting in rupture without fire.
220,"Overpressure rupture from air or gas, other.",HazSit,Overpressure,Rupture without fire,A hazardous materials incident involving a over pressurization resulting in rupture without fire.
221,Overpressure rupture of air or gas pipe or pipeline.,HazSit,Overpressure,Rupture without fire,A hazardous materials incident involving a over pressurization resulting in rupture without fire.
222,Overpressure rupture of boiler from air or gas. Excludes steam- related overpressure ruptures.,HazSit,Overpressure,Rupture without fire,A hazardous materials incident involving a over pressurization resulting in rupture without fire.
223,"Overpressure rupture of pressure or process vessel from air or gas, not steam.",HazSit,Overpressure,Rupture without fire,A hazardous materials incident involving a over pressurization resulting in rupture without fire.
231,Overpressure rupture of pressure or process vessel from a chemical reaction.,HazSit,Overpressure,Rupture without fire,A hazardous materials incident involving a over pressurization resulting in rupture without fire.
240,"Explosion (no fire), other",HazSit,Overpressure,Rupture without fire,A hazardous materials incident involving a over pressurization resulting in rupture without fire.
241,"Munitions or bomb explosion (no fire). Includes explosions involving military ordnance, dynamite, nitroglycerin, plastic explosives, propellants, and similar agents with a UN classification 1.1 or 1.3. Includes primary and secondary high explosives.",Fire,Special Fire,Explosion,"A special fire incident involving an explosion that can cause extensive damage to infrastructure, such as buildings, pipelines, power lines, or other critical systems."
242,Blasting agent explosion (no fire). Includes ammonium nitrate and fuel oil (ANFO) mixtures and explosives with a UN Classification 1.5 (also known as blasting agents).,Fire,Special Fire,Explosion,"A special fire incident involving an explosion that can cause extensive damage to infrastructure, such as buildings, pipelines, power lines, or other critical systems."
243,Fireworks explosion (no fire). Includes all classes of fireworks.,Fire,Special Fire,Explosion,"A special fire incident involving an explosion that can cause extensive damage to infrastructure, such as buildings, pipelines, power lines, or other critical systems."
244,Dust explosion (no fire).,Fire,Special Fire,Explosion,"A special fire incident involving an explosion that can cause extensive damage to infrastructure, such as buildings, pipelines, power lines, or other critical systems."
251,"Excessive heat, scorch burns with no ignition",Fire,Outside Fire,Other outside fire,An outdoor fire incident involving materials unknown or not specifically categorized.
251,"Excessive heat, scorch burns with no ignition",Fire,Structure Fire,Room and contents fire,A structure fire incident involving the room and contents of a building(s).
300,"Rescue and EMS incident, other",Medical,Illness,Abdominal pain,A medical incident involving a patient experiencing abdominal pain and/or other problems.
300,"Rescue and EMS incident, other",Medical,Illness,Back pain (non-trauma),A medical incident involving a patient experiencing non-trauma related back pain.
300,"Rescue and EMS incident, other",Medical,Illness,Breathing problems,"A medical incident involving a patient experiencing breathing problems, a medical incident involving a patient experiencing cardiac arrest."
300,"Rescue and EMS incident, other",Medical,Illness,Cardiac arrest,A medical incident involving a patient experiencing cardiac arrest.
300,"Rescue and EMS incident, other",Medical,Illness,Chest pain (non-trauma),A medical incident involving a patient experiencing non-trauma related chest pain.
300,"Rescue and EMS incident, other",Medical,Illness,"Convulsions, Seizures",A medical incident involving a patient experiencing convulsions and/or seizures.
300,"Rescue and EMS incident, other",Medical,Illness,Diabetic problems,A medical incident involving a patient experiencing diabetic problems.
300,"Rescue and EMS incident, other",Medical,Illness,Headache,A medical incident involving a patient experiencing a headache.
300,"Rescue and EMS incident, other",Medical,Illness,Heart problems,A medical incident involving a patient experiencing heart problems.
300,"Rescue and EMS incident, other",Medical,Illness,Nausea,A medical incident involving a patient experiencing nausea.
300,"Rescue and EMS incident, other",Medical,Illness,"Pandemic, Epidemic, Outbreak","A medical incident involving a patient exhibiting symptoms associated with a pandemic, epidemic, or outbreak, warranting urgent assessment and intervention to prevent further transmission and ensure appropriate care."
300,"Rescue and EMS incident, other",Medical,Illness,"Pregnancy, Childbirth",A medical incident involving a patient experiencing childbirth or pregnancy- related needs.
300,"Rescue and EMS incident, other",Medical,Illness,Psychological behavior issues,A medical incident involving a patient experiencing psychological behavior issues.
300,"Rescue and EMS incident, other",Medical,Illness,Sick case,A medical incident involving a patient experiencing sickness.
300,"Rescue and EMS incident, other",Medical,Illness,"Stroke, CVA",A medical incident involving a patient experiencing a stroke or cerebrovascular incident (CVA).
300,"Rescue and EMS incident, other",Medical,Illness,Unconscious victim,A medical incident involving a patient experiencing unconsciousness.
300,"Rescue and EMS incident, other",Medical,Illness,Well person check,"A medical incident involving a patient undergoing a routine health assessment aimed at evaluating overall health, identifying potential health risks, and promoting preventive care."
300,"Rescue and EMS incident, other",Medical,Injury,Animal bites,"A medical incident involving a patient who is experiencing trauma from a bite inflicted by an animal, which may result in lacerations, puncture wounds, and potential infection."
300,"Rescue and EMS incident, other",Medical,Injury,Assault,A medical incident involving a patient who is experiencing trauma resulting from an intentional act of violence or physical attack.
300,"Rescue and EMS incident, other",Medical,Injury,Allergic reaction stings,"A medical incident involving a patient experiencing an adverse response to an allergen, such as food, medication, or insect stings."
300,"Rescue and EMS incident, other",Medical,Injury,"Burns, explosions","A medical incident involving a patient who is experiencing trauma due to thermal burns from fire, scalding liquids, or chemical exposure, including from an explosion."
300,"Rescue and EMS incident, other",Medical,Injury,"Carbon Monoxide, other inhalation injury","A medical incident involving a patient exposed to carbon monoxide or harmful inhalants, leading to symptoms such as headache, dizziness, confusion, or respiratory distress."
300,"Rescue and EMS incident, other",Medical,Injury,Choking,"A medical incident involving a patient who is unable to breathe due to an obstruction in the airway, typically caused by food, foreign objects, or swelling."
300,"Rescue and EMS incident, other",Medical,Injury,"Drowning, Diving, SCUBA accident",A medical incident involving a patient who has experienced near-drowning or an injury related to diving or SCUBA activities.
300,"Rescue and EMS incident, other",Medical,Injury,Electrocution,"A medical incident involving a patient with a condition caused by exposure to electrical current, resulting in various injuries such as cardiac complications, severe burns, neurological effects, muscle damage, and respiratory issues."
300,"Rescue and EMS incident, other",Medical,Injury,Eye trauma,"A medical incident involving a patient who is experiencing an injury to the eye which may result from blunt force, penetration, chemical exposure, or thermal injury."
300,"Rescue and EMS incident, other",Medical,Injury,Fall,A medical incident involving a patient who is experiencing an injury resulting from a fall.
300,"Rescue and EMS incident, other",Medical,Injury,"Heat, Cold exposure","A medical incident involving a patient who is experiencing an injury related to prolonged exposure to extreme temperatures, leading to conditions such as heat exhaustion, heat stroke, hypothermia, or frostbite."
300,"Rescue and EMS incident, other",Medical,Injury,Motor vehicle collision,A medical incident involving a patient who is experiencing an injury or trauma emergency due to a motor vehicle collision.
300,"Rescue and EMS incident, other",Medical,Injury,"Industrial, Inaccessible entrapment",A medical patient involving an individual who is experiencing an industrial related injury or trauma emergency and is entrapped or otherwise inaccessible.
300,"Rescue and EMS incident, other",Medical,Injury,Overdose,"A medical emergency that occurs when an individual consumes an excessive amount of a substance, such as drugs or alcohol, resulting in potentially life-threatening symptoms. These may include respiratory depression, altered consciousness, cardiovascular instability, and gastrointestinal distress."
300,"Rescue and EMS incident, other",Medical,Injury,Poisoning,"A medical emergency resulting from the ingestion, inhalation, or absorption of toxic substances, leading to a range of symptoms such as nausea, confusion, respiratory distress, and organ dysfunction."
300,"Rescue and EMS incident, other",Medical,Injury,Gunshot wound,A medical incident involving a patient who is experiencing an injury or trauma emergency due to a bullet penetrating the body.
300,"Rescue and EMS incident, other",Medical,Injury,"Hemorrhage, Laceration",A medical emergency involving a patient who is experiencing an injury or trauma due to a hemorrhage or other laceration.
300,"Rescue and EMS incident, other",Medical,Injury,"Stab, Penetrating trauma",A medical incident involving a patient who is experiencing a stabbing or other penetrating injury or trauma emergency.
300,"Rescue and EMS incident, other",Medical,Injury,Other traumatic injury,A medical incident involving a patient who is experiencing an injury or trauma emergency not otherwise specified.
311,"Medical assist. Includes incidents where medical assistance is provided to another group/agency that has primary EMS responsibility. (Example, providing assistance to another agency-assisting EMS with moving a heavy patient.)",Medical,Illness,Abdominal pain,A medical incident involving a patient experiencing abdominal pain and/or other problems;
311,"Medical assist. Includes incidents where medical assistance is provided to another group/agency that has primary EMS responsibility. (Example, providing assistance to another agency-assisting EMS with moving a heavy patient.)",Medical,Illness,Back pain (non-trauma),A medical incident involving a patient experiencing non-trauma related back pain.
311,"Medical assist. Includes incidents where medical assistance is provided to another group/agency that has primary EMS responsibility. (Example, providing assistance to another agency-assisting EMS with moving a heavy patient.)",Medical,Illness,Breathing problems,"A medical incident involving a patient experiencing breathing problems, a medical incident involving a patient experiencing cardiac arrest."
311,"Medical assist. Includes incidents where medical assistance is provided to another group/agency that has primary EMS responsibility. (Example, providing assistance to another agency-assisting EMS with moving a heavy patient.)",Medical,Illness,Cardiac arrest,A medical incident involving a patient experiencing cardiac arrest.
311,"Medical assist. Includes incidents where medical assistance is provided to another group/agency that has primary EMS responsibility. (Example, providing assistance to another agency-assisting EMS with moving a heavy patient.)",Medical,Illness,Chest pain (non-trauma),A medical incident involving a patient experiencing non-trauma related chest pain.
311,"Medical assist. Includes incidents where medical assistance is provided to another group/agency that has primary EMS responsibility. (Example, providing assistance to another agency-assisting EMS with moving a heavy patient.)",Medical,Illness,"Convulsions, Seizures",A medical incident involving a patient experiencing convulsions and/or seizures.
311,"Medical assist. Includes incidents where medical assistance is provided to another group/agency that has primary EMS responsibility. (Example, providing assistance to another agency-assisting EMS with moving a heavy patient.)",Medical,Illness,Diabetic problems,A medical incident involving a patient experiencing diabetic problems.
311,"Medical assist. Includes incidents where medical assistance is provided to another group/agency that has primary EMS responsibility. (Example, providing assistance to another agency-assisting EMS with moving a heavy patient.)",Medical,Illness,Headache,A medical incident involving a patient experiencing a headache.
311,"Medical assist. Includes incidents where medical assistance is provided to another group/agency that has primary EMS responsibility. (Example, providing assistance to another agency-assisting EMS with moving a heavy patient.)",Medical,Illness,Heart problems,A medical incident involving a patient experiencing heart problems.
311,"Medical assist. Includes incidents where medical assistance is provided to another group/agency that has primary EMS responsibility. (Example, providing assistance to another agency-assisting EMS with moving a heavy patient.)",Medical,Illness,Nausea,A medical incident involving a patient experiencing nausea.
311,"Medical assist. Includes incidents where medical assistance is provided to another group/agency that has primary EMS responsibility. (Example, providing assistance to another agency-assisting EMS with moving a heavy patient.)",Medical,Illness,"Pandemic, Epidemic, Outbreak","A medical incident involving a patient exhibiting symptoms associated with a pandemic, epidemic, or outbreak, warranting urgent assessment and intervention to prevent further transmission and ensure appropriate care."
311,"Medical assist. Includes incidents where medical assistance is provided to another group/agency that has primary EMS responsibility. (Example, providing assistance to another agency-assisting EMS with moving a heavy patient.)",Medical,Illness,"Pregnancy, Childbirth",A medical incident involving a patient experiencing childbirth or pregnancy-related needs.
311,"Medical assist. Includes incidents where medical assistance is provided to another group/agency that has primary EMS responsibility. (Example, providing assistance to another agency-assisting EMS with moving a heavy patient.)",Medical,Illness,Psychological behavior issues,A medical incident involving a patient experiencing psychological behavior issues.
311,"Medical assist. Includes incidents where medical assistance is provided to another group/agency that has primary EMS responsibility. (Example, providing assistance to another agency-assisting EMS with moving a heavy patient.)",Medical,Illness,Sick case,A medical incident involving a patient experiencing sickness.
311,"Medical assist. Includes incidents where medical assistance is provided to another group/agency that has primary EMS responsibility. (Example, providing assistance to another agency-assisting EMS with moving a heavy patient.)",Medical,Illness,"Stroke, CVA",A medical incident involving a patient experiencing a stroke or cerebrovascular incident (CVA).
311,"Medical assist. Includes incidents where medical assistance is provided to another group/agency that has primary EMS responsibility. (Example, providing assistance to another agency-assisting EMS with moving a heavy patient.)",Medical,Illness,Unconscious victim,A medical incident involving a patient experiencing unconsciousness.
311,"Medical assist. Includes incidents where medical assistance is provided to another group/agency that has primary EMS responsibility. (Example, providing assistance to another agency-assisting EMS with moving a heavy patient.)",Medical,Illness,Well person check,"A medical incident involving a patient undergoing a routine health assessment aimed at evaluating overall health, identifying potential health risks, and promoting preventive care."
311,"Medical assist. Includes incidents where medical assistance is provided to another group/agency that has primary EMS responsibility. (Example, providing assistance to another agency-assisting EMS with moving a heavy patient.)",Medical,Injury,Animal bites,"A medical incident involving a patient who is experiencing trauma from a bite inflicted by an animal, which may result in lacerations, puncture wounds, and potential infection."
311,"Medical assist. Includes incidents where medical assistance is provided to another group/agency that has primary EMS responsibility. (Example, providing assistance to another agency-assisting EMS with moving a heavy patient.)",Medical,Injury,Assault,A medical incident involving a patient who is experiencing trauma resulting from an intentional act of violence or physical attack.
311,"Medical assist. Includes incidents where medical assistance is provided to another group/agency that has primary EMS responsibility. (Example, providing assistance to another agency-assisting EMS with moving a heavy patient.)",Medical,Injury,Allergic reaction stings,"A medical incident involving a patient experiencing an adverse response to an allergen, such as food, medication, or insect stings."
311,"Medical assist. Includes incidents where medical assistance is provided to another group/agency that has primary EMS responsibility. (Example, providing assistance to another agency-assisting EMS with moving a heavy patient.)",Medical,Injury,"Burns, explosions","A medical incident involving a patient who is experiencing trauma due to thermal burns from fire, scalding liquids, or chemical exposure, including from an explosion."
311,"Medical assist. Includes incidents where medical assistance is provided to another group/agency that has primary EMS responsibility. (Example, providing assistance to another agency-assisting EMS with moving a heavy patient.)",Medical,Injury,"Carbon Monoxide, other inhalation injury","A medical incident involving a patient exposed to carbon monoxide or harmful inhalants, leading to symptoms such as headache, dizziness, confusion, or respiratory distress."
311,"Medical assist. Includes incidents where medical assistance is provided to another group/agency that has primary EMS responsibility. (Example, providing assistance to another agency-assisting EMS with moving a heavy patient.)",Medical,Injury,Choking,"A medical incident involving a patient who is unable to breathe due to an obstruction in the airway, typically caused by food, foreign objects, or swelling."
311,"Medical assist. Includes incidents where medical assistance is provided to another group/agency that has primary EMS responsibility. (Example, providing assistance to another agency-assisting EMS with moving a heavy patient.)",Medical,Injury,"Drowning, Diving, SCUBA accident",A medical incident involving a patient who has experienced near-drowning or an injury related to diving or SCUBA activities.
311,"Medical assist. Includes incidents where medical assistance is provided to another group/agency that has primary EMS responsibility. (Example, providing assistance to another agency-assisting EMS with moving a heavy patient.)",Medical,Injury,Electrocution,"A medical incident involving a patient with a condition caused by exposure to electrical current, resulting in various injuries such as cardiac complications, severe burns, neurological effects, muscle damage, and respiratory issues."
311,"Medical assist. Includes incidents where medical assistance is provided to another group/agency that has primary EMS responsibility. (Example, providing assistance to another agency-assisting EMS with moving a heavy patient.)",Medical,Injury,Eye trauma,"A medical incident involving a patient who is experiencing an injury to the eye which may result from blunt force, penetration, chemical exposure, or thermal injury."
311,"Medical assist. Includes incidents where medical assistance is provided to another group/agency that has primary EMS responsibility. (Example, providing assistance to another agency-assisting EMS with moving a heavy patient.)",Medical,Injury,Fall,A medical incident involving a patient who is experiencing an injury resulting from a fall.
311,"Medical assist. Includes incidents where medical assistance is provided to another group/agency that has primary EMS responsibility. (Example, providing assistance to another agency-assisting EMS with moving a heavy patient.)",Medical,Injury,"Heat, Cold exposure","A medical incident involving a patient who is experiencing an injury related to prolonged exposure to extreme temperatures, leading to conditions such as heat exhaustion, heat stroke, hypothermia, or frostbite."
311,"Medical assist. Includes incidents where medical assistance is provided to another group/agency that has primary EMS responsibility. (Example, providing assistance to another agency-assisting EMS with moving a heavy patient.)",Medical,Injury,Motor vehicle collision,A medical incident involving a patient who is experiencing an injury or trauma emergency due to a motor vehicle collision.
311,"Medical assist. Includes incidents where medical assistance is provided to another group/agency that has primary EMS responsibility. (Example, providing assistance to another agency-assisting EMS with moving a heavy patient.)",Medical,Injury,"Industrial, Inaccessible entrapment",A medical patient involving an individual who is experiencing an industrial related injury or trauma emergency and is entrapped or otherwise inaccessible.
311,"Medical assist. Includes incidents where medical assistance is provided to another group/agency that has primary EMS responsibility. (Example, providing assistance to another agency-assisting EMS with moving a heavy patient.)",Medical,Injury,Overdose,"A medical emergency that occurs when an individual consumes an excessive amount of a substance, such as drugs or alcohol, resulting in potentially life-threatening symptoms. These may include respiratory depression, altered consciousness, cardiovascular instability, and gastrointestinal distress."
311,"Medical assist. Includes incidents where medical assistance is provided to another group/agency that has primary EMS responsibility. (Example, providing assistance to another agency-assisting EMS with moving a heavy patient.)",Medical,Injury,Poisoning,"A medical emergency resulting from the ingestion, inhalation, or absorption of toxic substances, leading to a range of symptoms such as nausea, confusion, respiratory distress, and organ dysfunction."
311,"Medical assist. Includes incidents where medical assistance is provided to another group/agency that has primary EMS responsibility. (Example, providing assistance to another agency-assisting EMS with moving a heavy patient.)",Medical,Injury,Gunshot wound,A medical incident involving a patient who is experiencing an injury or trauma emergency due to a bullet penetrating the body.
311,"Medical assist. Includes incidents where medical assistance is provided to another group/agency that has primary EMS responsibility. (Example, providing assistance to another agency-assisting EMS with moving a heavy patient.)",Medical,Injury,"Hemorrhage, Laceration",A medical emergency involving a patient who is experiencing an injury or trauma due to a hemorrhage or other laceration.
311,"Medical assist. Includes incidents where medical assistance is provided to another group/agency that has primary EMS responsibility. (Example, providing assistance to another agency-assisting EMS with moving a heavy patient.)",Medical,Injury,"Stab, Penetrating trauma",A medical incident involving a patient who is experiencing a stabbing or other penetrating injury or trauma emergency.
311,"Medical assist. Includes incidents where medical assistance is provided to another group/agency that has primary EMS responsibility. (Example, providing assistance to another agency-assisting EMS with moving a heavy patient.)",Medical,Injury,Other traumatic injury,A medical incident involving a patient who is experiencing an injury or trauma emergency not otherwise specified.
311,Citizen compliant,Pub Serv,Citizen Assist,Citizen Assist Service Call,"A public service incident involving a request for assistance to perform service calls such as welfare checks, lockout, or other aid that does not involve immediate danger."
320,"Emergency medical service incident, other",Medical,Illness,Abdominal pain,A medical incident involving a patient experiencing abdominal pain and/or other problems.
320,"Emergency medical service incident, other",Medical,Illness,Back pain (non-trauma),A medical incident involving a patient experiencing non-trauma related back pain.
320,"Emergency medical service incident, other",Medical,Illness,Breathing problems,"A medical incident involving a patient experiencing breathing problems, a medical incident involving a patient experiencing cardiac arrest."
320,"Emergency medical service incident, other",Medical,Illness,Cardiac arrest,A medical incident involving a patient experiencing cardiac arrest.
320,"Emergency medical service incident, other",Medical,Illness,Chest pain (non-trauma),A medical incident involving a patient experiencing non-trauma related chest pain.
320,"Emergency medical service incident, other",Medical,Illness,"Convulsions, Seizures",A medical incident involving a patient experiencing convulsions and/or seizures.
320,"Emergency medical service incident, other",Medical,Illness,Diabetic problems,A medical incident involving a patient experiencing diabetic problems.
320,"Emergency medical service incident, other",Medical,Illness,Headache,A medical incident involving a patient experiencing a headache.
320,"Emergency medical service incident, other",Medical,Illness,Heart problems,A medical incident involving a patient experiencing heart problems.
320,"Emergency medical service incident, other",Medical,Illness,Nausea,A medical incident involving a patient experiencing nausea.
320,"Emergency medical service incident, other",Medical,Illness,"Pandemic, Epidemic, Outbreak","A medical incident involving a patient exhibiting symptoms associated with a pandemic, epidemic, or outbreak, warranting urgent assessment and intervention to prevent further transmission and ensure appropriate care."
320,"Emergency medical service incident, other",Medical,Illness,"Pregnancy, Childbirth",A medical incident involving a patient experiencing childbirth or pregnancy-related needs.
320,"Emergency medical service incident, other",Medical,Illness,Psychological behavior issues,A medical incident involving a patient experiencing psychological behavior issues.
320,"Emergency medical service incident, other",Medical,Illness,Sick case,A medical incident involving a patient experiencing sickness.
320,"Emergency medical service incident, other",Medical,Illness,"Stroke, CVA",A medical incident involving a patient experiencing a stroke or cerebrovascular incident (CVA).
320,"Emergency medical service incident, other",Medical,Illness,Unconscious victim,A medical incident involving a patient experiencing unconsciousness.
320,"Emergency medical service incident, other",Medical,Illness,Well person check,"A medical incident involving a patient undergoing a routine health assessment aimed at evaluating overall health, identifying potential health risks, and promoting preventive care."
320,"Emergency medical service incident, other",Medical,Injury,Animal bites,"A medical incident involving a patient who is experiencing trauma from a bite inflicted by an animal, which may result in lacerations, puncture wounds, and potential infection."
320,"Emergency medical service incident, other",Medical,Injury,Assault,A medical incident involving a patient who is experiencing trauma resulting from an intentional act of violence or physical attack.
320,"Emergency medical service incident, other",Medical,Injury,Allergic reaction stings,"A medical incident involving a patient experiencing an adverse response to an allergen, such as food, medication, or insect stings."
320,"Emergency medical service incident, other",Medical,Injury,"Burns, explosions","A medical incident involving a patient who is experiencing trauma due to thermal burns from fire, scalding liquids, or chemical exposure, including from an explosion."
320,"Emergency medical service incident, other",Medical,Injury,"Carbon Monoxide, other inhalation injury","A medical incident involving a patient exposed to carbon monoxide or harmful inhalants, leading to symptoms such as headache, dizziness, confusion, or respiratory distress."
320,"Emergency medical service incident, other",Medical,Injury,Choking,"A medical incident involving a patient who is unable to breathe due to an obstruction in the airway, typically caused by food, foreign objects, or swelling."
320,"Emergency medical service incident, other",Medical,Injury,"Drowning, Diving, SCUBA accident",A medical incident involving a patient who has experienced near-drowning or an injury related to diving or SCUBA activities.
320,"Emergency medical service incident, other",Medical,Injury,Electrocution,"A medical incident involving a patient with a condition caused by exposure to electrical current, resulting in various injuries such as cardiac complications, severe burns, neurological effects, muscle damage, and respiratory issues."
320,"Emergency medical service incident, other",Medical,Injury,Eye trauma,"A medical incident involving a patient who is experiencing an injury to the eye which may result from blunt force, penetration, chemical exposure, or thermal injury."
320,"Emergency medical service incident, other",Medical,Injury,Fall,A medical incident involving a patient who is experiencing an injury resulting from a fall.
320,"Emergency medical service incident, other",Medical,Injury,"Heat, Cold exposure","A medical incident involving a patient who is experiencing an injury related to prolonged exposure to extreme temperatures, leading to conditions such as heat exhaustion, heat stroke, hypothermia, or frostbite."
320,"Emergency medical service incident, other",Medical,Injury,Motor vehicle collision,A medical incident involving a patient who is experiencing an injury or trauma emergency due to a motor vehicle collision.
320,"Emergency medical service incident, other",Medical,Injury,"Industrial, Inaccessible entrapment",A medical patient involving an individual who is experiencing an industrial related injury or trauma emergency and is entrapped or otherwise inaccessible.
320,"Emergency medical service incident, other",Medical,Injury,Overdose,"A medical emergency that occurs when an individual consumes an excessive amount of a substance, such as drugs or alcohol, resulting in potentially life-threatening symptoms. These may include respiratory depression, altered consciousness, cardiovascular instability, and gastrointestinal distress."
320,"Emergency medical service incident, other",Medical,Injury,Poisoning,"A medical emergency resulting from the ingestion, inhalation, or absorption of toxic substances, leading to a range of symptoms such as nausea, confusion, respiratory distress, and organ dysfunction."
320,"Emergency medical service incident, other",Medical,Injury,Gunshot wound,A medical incident involving a patient who is experiencing an injury or trauma emergency due to a bullet penetrating the body.
320,"Emergency medical service incident, other",Medical,Injury,"Hemorrhage, Laceration",A medical emergency involving a patient who is experiencing an injury or trauma due to a hemorrhage or other laceration.
320,"Emergency medical service incident, other",Medical,Injury,"Stab, Penetrating trauma",A medical incident involving a patient who is experiencing a stabbing or other penetrating injury or trauma emergency.
320,"Emergency medical service incident, other",Medical,Injury,Other traumatic injury,A medical incident involving a patient who is experiencing an injury or trauma emergency not otherwise specified.
321,EMS call. Includes calls when the patient refuses treatment. Excludes vehicle accident with injury (322) and pedestrian struck (323).,Medical,Illness,Abdominal pain,A medical incident involving a patient experiencing abdominal pain and/or other problems.
321,EMS call. Includes calls when the patient refuses treatment. Excludes vehicle accident with injury (322) and pedestrian struck (323).,Medical,Illness,Back pain (non-trauma),A medical incident involving a patient experiencing non-trauma related back pain.
321,EMS call. Includes calls when the patient refuses treatment. Excludes vehicle accident with injury (322) and pedestrian struck (323).,Medical,Illness,Breathing problems,"A medical incident involving a patient experiencing breathing problems, a medical incident involving a patient experiencing cardiac arrest."
321,EMS call. Includes calls when the patient refuses treatment. Excludes vehicle accident with injury (322) and pedestrian struck (323).,Medical,Illness,Cardiac arrest,A medical incident involving a patient experiencing cardiac arrest.
321,EMS call. Includes calls when the patient refuses treatment. Excludes vehicle accident with injury (322) and pedestrian struck (323).,Medical,Illness,Chest pain (non-trauma),A medical incident involving a patient experiencing non-trauma related chest pain.
321,EMS call. Includes calls when the patient refuses treatment. Excludes vehicle accident with injury (322) and pedestrian struck (323).,Medical,Illness,"Convulsions, Seizures",A medical incident involving a patient experiencing convulsions and/or seizures.
321,EMS call. Includes calls when the patient refuses treatment. Excludes vehicle accident with injury (322) and pedestrian struck (323).,Medical,Illness,Diabetic problems,A medical incident involving a patient experiencing diabetic problems.
321,EMS call. Includes calls when the patient refuses treatment. Excludes vehicle accident with injury (322) and pedestrian struck (323).,Medical,Illness,Headache,A medical incident involving a patient experiencing a headache.
321,EMS call. Includes calls when the patient refuses treatment. Excludes vehicle accident with injury (322) and pedestrian struck (323).,Medical,Illness,Heart problems,A medical incident involving a patient experiencing heart problems.
321,EMS call. Includes calls when the patient refuses treatment. Excludes vehicle accident with injury (322) and pedestrian struck (323).,Medical,Illness,Nausea,A medical incident involving a patient experiencing nausea.
321,EMS call. Includes calls when the patient refuses treatment. Excludes vehicle accident with injury (322) and pedestrian struck (323).,Medical,Illness,"Pandemic, Epidemic, Outbreak","A medical incident involving a patient exhibiting symptoms associated with a pandemic, epidemic, or outbreak, warranting urgent assessment and intervention to prevent further transmission and ensure appropriate care."
321,EMS call. Includes calls when the patient refuses treatment. Excludes vehicle accident with injury (322) and pedestrian struck (323).,Medical,Illness,"Pregnancy, Childbirth",A medical incident involving a patient experiencing childbirth or pregnancy-related needs.
321,EMS call. Includes calls when the patient refuses treatment. Excludes vehicle accident with injury (322) and pedestrian struck (323).,Medical,Illness,Psychological behavior issues,A medical incident involving a patient experiencing psychological behavior issues.
321,EMS call. Includes calls when the patient refuses treatment. Excludes vehicle accident with injury (322) and pedestrian struck (323).,Medical,Illness,Sick case,A medical incident involving a patient experiencing sickness.
321,EMS call. Includes calls when the patient refuses treatment. Excludes vehicle accident with injury (322) and pedestrian struck (323).,Medical,Illness,"Stroke, CVA",A medical incident involving a patient experiencing a stroke or cerebrovascular incident (CVA).
321,EMS call. Includes calls when the patient refuses treatment. Excludes vehicle accident with injury (322) and pedestrian struck (323).,Medical,Illness,Unconscious victim,A medical incident involving a patient experiencing unconsciousness.
321,EMS call. Includes calls when the patient refuses treatment. Excludes vehicle accident with injury (322) and pedestrian struck (323).,Medical,Illness,Well person check,"A medical incident involving a patient undergoing a routine health assessment aimed at evaluating overall health, identifying potential health risks, and promoting preventive care."
321,EMS call. Includes calls when the patient refuses treatment. Excludes vehicle accident with injury (322) and pedestrian struck (323).,Medical,Illness,Animal bites,"A medical incident involving a patient who is experiencing trauma from a bite inflicted by an animal, which may result in lacerations, puncture wounds, and potential infection."
321,EMS call. Includes calls when the patient refuses treatment. Excludes vehicle accident with injury (322) and pedestrian struck (323).,Medical,Illness,Assault,A medical incident involving a patient who is experiencing trauma resulting from an intentional act of violence or physical attack.
321,EMS call. Includes calls when the patient refuses treatment. Excludes vehicle accident with injury (322) and pedestrian struck (323).,Medical,Illness,Allergic reaction stings,"A medical incident involving a patient experiencing an adverse response to an allergen, such as food, medication, or insect stings."
321,EMS call. Includes calls when the patient refuses treatment. Excludes vehicle accident with injury (322) and pedestrian struck (323).,Medical,Illness,"Burns, explosions","A medical incident involving a patient who is experiencing trauma due to thermal burns from fire, scalding liquids, or chemical exposure, including from an explosion."
321,EMS call. Includes calls when the patient refuses treatment. Excludes vehicle accident with injury (322) and pedestrian struck (323).,Medical,Illness,"Carbon Monoxide, other inhalation injury","A medical incident involving a patient exposed to carbon monoxide or harmful inhalants, leading to symptoms such as headache, dizziness, confusion, or respiratory distress."
321,EMS call. Includes calls when the patient refuses treatment. Excludes vehicle accident with injury (322) and pedestrian struck (323).,Medical,Illness,Choking,"A medical incident involving a patient who is unable to breathe due to an obstruction in the airway, typically caused by food, foreign objects, or swelling."
321,EMS call. Includes calls when the patient refuses treatment. Excludes vehicle accident with injury (322) and pedestrian struck (323).,Medical,Illness,"Drowning, Diving, SCUBA accident",A medical incident involving a patient who has experienced near-drowning or an injury related to diving or SCUBA activities.
321,EMS call. Includes calls when the patient refuses treatment. Excludes vehicle accident with injury (322) and pedestrian struck (323).,Medical,Illness,Electrocution,"A medical incident involving a patient with a condition caused by exposure to electrical current, resulting in various injuries such as cardiac complications, severe burns, neurological effects, muscle damage, and respiratory issues."
321,EMS call. Includes calls when the patient refuses treatment. Excludes vehicle accident with injury (322) and pedestrian struck (323).,Medical,Illness,Eye trauma,"A medical incident involving a patient who is experiencing an injury to the eye which may result from blunt force, penetration, chemical exposure, or thermal injury."
321,EMS call. Includes calls when the patient refuses treatment. Excludes vehicle accident with injury (322) and pedestrian struck (323).,Medical,Illness,Fall,A medical incident involving a patient who is experiencing an injury resulting from a fall.
321,EMS call. Includes calls when the patient refuses treatment. Excludes vehicle accident with injury (322) and pedestrian struck (323).,Medical,Illness,"Heat, Cold exposure","A medical incident involving a patient who is experiencing an injury related to prolonged exposure to extreme temperatures, leading to conditions such as heat exhaustion, heat stroke, hypothermia, or frostbite."
321,EMS call. Includes calls when the patient refuses treatment. Excludes vehicle accident with injury (322) and pedestrian struck (323).,Medical,Illness,Motor vehicle collision,A medical incident involving a patient who is experiencing an injury or trauma emergency due to a motor vehicle collision.
321,EMS call. Includes calls when the patient refuses treatment. Excludes vehicle accident with injury (322) and pedestrian struck (323).,Medical,Illness,"Industrial, Inaccessible entrapment",A medical patient involving an individual who is experiencing an industrial related injury or trauma emergency and is entrapped or otherwise inaccessible.
321,EMS call. Includes calls when the patient refuses treatment. Excludes vehicle accident with injury (322) and pedestrian struck (323).,Medical,Illness,Overdose,"A medical emergency that occurs when an individual consumes an excessive amount of a substance, such as drugs or alcohol, resulting in potentially life-threatening symptoms. These may include respiratory depression, altered consciousness, cardiovascular instability, and gastrointestinal distress."
321,EMS call. Includes calls when the patient refuses treatment. Excludes vehicle accident with injury (322) and pedestrian struck (323).,Medical,Illness,Poisoning,"A medical emergency resulting from the ingestion, inhalation, or absorption of toxic substances, leading to a range of symptoms such as nausea, confusion, respiratory distress, and organ dysfunction."
321,EMS call. Includes calls when the patient refuses treatment. Excludes vehicle accident with injury (322) and pedestrian struck (323).,Medical,Illness,Gunshot wound,A medical incident involving a patient who is experiencing an injury or trauma emergency due to a bullet penetrating the body.
321,EMS call. Includes calls when the patient refuses treatment. Excludes vehicle accident with injury (322) and pedestrian struck (323).,Medical,Illness,"Hemorrhage, Laceration",A medical emergency involving a patient who is experiencing an injury or trauma due to a hemorrhage or other laceration.
321,EMS call. Includes calls when the patient refuses treatment. Excludes vehicle accident with injury (322) and pedestrian struck (323).,Medical,Illness,"Stab, Penetrating trauma",A medical incident involving a patient who is experiencing a stabbing or other penetrating injury or trauma emergency.
321,EMS call. Includes calls when the patient refuses treatment. Excludes vehicle accident with injury (322) and pedestrian struck (323).,Medical,Illness,Other traumatic injury,A medical incident involving a patient who is experiencing an injury or trauma emergency not otherwise specified.
322,"Motor vehicle accident with injuries. Includes collision with other vehicle, fixed objects, or loss of control resulting in leaving the roadway.",Medical,Injury,Motor vehicle collision,A medical incident involving a patient who is experiencing an injury or trauma emergency due to a motor vehicle collision.
323,Motor vehicle/pedestrian accident (MV Ped). Includes any motor vehicle accident involving a pedestrian injury.,Medical,Injury,Other traumatic injury,A medical incident involving a patient who is experiencing an injury or trauma emergency not otherwise specified.
324,Motor vehicle accident with no injuries,HazSit,Hazard Non Chem,Motor vehicle collision,A hazardous situation incident involving a motor vehicle collision.
331,"Lock-in. Includes opening locked vehicles and gaining entry to locked areas for access by caretakers or rescuers, such as a child locked in a bathroom. Excludes lock-outs (511).",Pub Serv,Citizen Assist,Citizen Assist Service Call,"A public service incident involving a request for assistance to perform service calls such as welfare checks, lockouts, or other aid that does not involve immediate danger."
340,"Search for lost person, other.",Pub Serv,Citizen Assist,Lost person,A public service incident involving the search for a lost person.
341,"Search for person on land. Includes lost hikers and children, even where there is an incidental search of local bodies of water, such as a creek or river.",Pub Serv,Citizen Assist,Lost person,A public service incident involving the search for a lost person.
342,Search for person in water. Includes shoreline searches incidental to a reported drowning call.,Pub Serv,Citizen Assist,Lost person,A public service incident involving the search for a lost person.
343,"Search for person underground. Includes caves, mines, tunnels, and the like.",Pub Serv,Citizen Assist,Lost person,A public service incident involving the search for a lost person.
350,"Extrication, rescue, other.",Rescue,Structure,"Extrication, Entrapped",A rescue incident involving victim(s) who are physically trapped or immobilized.
351,"Extrication of victim(s) from building or structure, such as a building collapse. Excludes high-angle rescue (356).",Rescue,Structure,"Extrication, Entrapped",A rescue incident involving victim(s) who are physically trapped or immobilized.
352,Extrication of victim(s) from vehicle. Includes rescues from vehicles hanging off a bridge or cliff.,Rescue,Transportation,"Motor vehicle extractions, entrapped","A rescue incident involving victim(s) who are physically trapped within a motor vehicle due to a collision, necessitating extrication efforts to safely free them and provide medical assistance if needed."
353,Removal of victim(s) from stalled elevator.,Rescue,Structure,"Elevator, Escalator Rescue",A rescue incident involving victim(s) entrapment within an elevator or escalator.
354,Trench or below-grade rescue.,Rescue,Outside,Trench,An outdoor rescue incident involving the retrieval of a person trapped in a trench or excavation site due to a collapse or other hazardous conditions.
355,"Confined space rescue. Includes rescues from the interiors of tanks, including areas with potential for hazardous atmospheres such as silos, wells, and tunnels.",Rescue,Structure,Confined space rescue,A rescue incident involving victim(s) entrapment within a confined space.
356,High-angle rescue. Includes rope rescue and rescues off of structures.,Rescue,Outside,High Angle Rescue,An outdoor rescue incident involving high angle rescue where rope systems are needed for stability and safety.
357,Extrication of victim(s) from machinery. Includes extrication from farm or industrial equipment.,Rescue,Structure,"Extrication, Entrapped",A rescue incident involving victim(s) who are physically trapped or immobilized.
360,"Water and ice-related rescue, other.",Rescue,Water,Person in water - Standing,"A water rescue incident involving victim(s) who are submerged or partially submerged in standing water, such as a lake, pond, or flooded area."
361,"Swimming, recreations water area rescue",Rescue,Water,Persin in water - Swiftwater,"A water rescue incident involving victim(s) who are submerged or partially submerged in fast-moving water, such as a river or stream or ocean."
361,"Swimming, recreations water area rescue",Rescue,Water,Person in water - Standing,"A water rescue incident involving victim(s) who are submerged or partially submerged in standing water, such as a lake, pond, or flooded area."
362,Ice rescue,Rescue,Outside,"Limited, No access",An outdoor rescue incident where reaching the location is challenging due to limited or no access.
363,Swift-water rescue. Includes flash flood conditions.,Rescue,Water,Persin in water - Swiftwater,"A water rescue incident involving victim(s) who are submerged or partially submerged in fast-moving water, such as a river or stream or ocean."
364,Surf rescue.,Rescue,Water,Persin in water - Swiftwater,"A water rescue incident involving victim(s) who are submerged or partially submerged in fast-moving water, such as a river or stream or ocean."
365,Watercraft rescue. Excludes rescues near the shore and in swimming/recreational areas (361). Includes people falling overboard at a significant distance from land.,Rescue,Water,Watercraft in Distress,"A water rescue incident involving a watercraft, such as a boat, jet ski, or kayak, that is experiencing mechanical failure, capsizing, or being threatened by adverse conditions."
370,"Electrical rescue, other",Medical,Injury,Electrocution,"A medical incident involving a patient with a condition caused by exposure to electrical current, resulting in various injuries such as cardiac complications, severe burns, neurological effects, muscle damage, and respiratory issues."
370,"Electrical rescue, other",Rescue,Outside,"Extrication, Entrapped","An outdoor rescue incident involving the removal of an individual who is trapped or entrapped in a vehicle, machinery, or other confined space due to an accident or structural failure."
371,Electrocution or potential electrocution. Excludes people trapped by power lines (372).,Medical,Injury,Electrocution,"A medical incident involving a patient with a condition caused by exposure to electrical current, resulting in various injuries such as cardiac complications, severe burns, neurological effects, muscle damage, and respiratory."
372,Trapped by power lines. Includes people trapped by downed or dangling power lines or other energized electrical equipment.,Rescue,Outside,"Extrication, Entrapped","An outdoor rescue incident involving the removal of an individual who is trapped or entrapped in a vehicle, machinery, or other confined space due to accident or structural failure."
381,Rescue or EMS standby for hazardous conditions. Excludes aircraft standby (462).,Medical,Other,Standby request,A call to standby for medical incident.
400,"Hazardous condition (no fire), other",HazSit,Hazardous Materials,HazMat release facility,A hazardous materials incident involving a hazardous materials release of a chemical from a transportation vehicle.
410,"Combustible and flammable gas or liquid spills or leaks, other.",HazSit,Hazardous Materials,"Gas leak, odor",A hazardous material incident involving a fuel leak or gas odor.
411,Gasoline or other flammable liquid spill (flash point below 100 degrees F at standard temperature and pressure (Class I)).,HazSit,Hazardous Materials,"Fuel spill, odor",A hazardous material incident involving a fuel spill or fuel odor.
411,Gasoline or other flammable liquid spill (flash point below 100 degrees F at standard temperature and pressure (Class I)).,HazSit,Hazardous Materials,"Gas leak, odor",A hazardous material incident involving a fuel leak or gas odor.
412,Gas leak (natural gas or LPG). Excludes gas odors with no source found (671).,HazSit,Hazardous Materials,"Gas leak, odor",A hazardous material incident involving a fuel leak or gas odor.
413,Oil or other combustible liquid spill (flash point at or above 100 degrees F at standard temperature and pressure (Class II or III)).,HazSit,Hazardous Materials,"Fuel spill, odor",A hazardous material incident involving a fuel spill or fuel odor.
420,"Toxic chemical condition, other",HazSit,Hazardous Materials,Radioactive release Incident,A hazardous situational incident involving a biological material release.
420,"Toxic chemical condition, other",HazSit,Hazardous Materials,Biological release incident,A hazardous situational incident involving radioactive material release.
421,Chemical hazard (no spill or leak). Includes the potential for spills or leaks.,HazSit,Hazardous Materials,HazMat release facility,A hazardous materials release incident involving a hazardous materials release of a chemical from/withing a fixed facility or building.
422,"Chemical spill or leak. Includes unstable, reactive, explosive material.",HazSit,Hazardous Materials,"Hazardous fuel spill, odor",A hazardous material incident involving a fuel spill or a fuel odor.
422,"Chemical spill or leak. Includes unstable, reactive, explosive material.",HazSit,Hazardous Materials,HazMat release facility,A hazardous materials release incident involving a hazardous materials release of a chemical from/withing a fixed facility or building.
423,Refrigeration leak. Includes ammonia.,HazSit,Hazardous Materials,Radioactive release Incident,A hazardous situational incident involving a biological material release.
423,Refrigeration leak. Includes ammonia.,HazSit,Hazardous Materials,Biological release incident,A hazardous situational incident involving radioactive material release.
424,Carbon monoxide incident. Excludes incidents with nothing found (736 or 746).,HazSit,Hazardous Materials,Carbon Monoxide release,A hazardous material incident involving a carbon monoxide release.
430,"Radioactive condition, other.",HazSit,Hazardous Materials,Radioactive release Incident,A hazardous situational incident involving radioactive material release.
431,"Radiation leak, radioactive material. Includes release of radiation due to breaching of container or other accidental release.",HazSit,Hazardous Materials,Radioactive release Incident,A hazardous situational incident involving radioactive material release.
440,"Electrical wiring/equipment problem, other.",HazSit,Hazard Non Chem,"Elec power line down, arching, malfunc",A hazardous situation incident involving an arching or down power line or malfunction.
441,"Heat from short circuit (wiring), defective or worn insulation.",HazSit,Hazard Non Chem,"Elec hazard, short circuit",A hazardous situation incident involving an electrical hazard that may include a short circuit.
441,"Heat from short circuit (wiring), defective or worn insulation.",HazSit,Hazard Non Chem,"Elec power line down, arching, malfunc",A hazardous situation incident involving an arching or down power line or malfunction.
442,Overheated motor or wiring,HazSit,Hazard Non Chem,"Elec hazard, short circuit",A hazardous situation incident involving an electrical hazard that may include a short circuit.
442,Overheated motor or wiring,HazSit,Hazard Non Chem,"Elec power line down, arching, malfunc",A hazardous situation incident involving an arching or down power line or malfunction.
443,Breakdown of light ballast,HazSit,Hazard Non Chem,"Elec hazard, short circuit",A hazardous situation incident involving an electrical hazard that may include a short circuit.
443,Breakdown of light ballast,HazSit,Hazard Non Chem,"Elec power line down, arching, malfunc",A hazardous situation incident involving an arching or down power line or malfunction.
444,Power line down. Excludes people trapped by downed power lines (372).,HazSit,Hazard Non Chem,"Elec power line down, arching, malfunc",A hazardous situation incident involving an arching or down power line or malfunction.
445,"Arcing, shorted electrical equipment",HazSit,Hazard Non Chem,"Elec hazard, short circuit",A hazardous situation incident involving an electrical hazard that may include a short circuit.
445,"Arcing, shorted electrical equipment",HazSit,Hazard Non Chem,"Elec power line down, arching, malfunc",A hazardous situation incident involving an arching or down power line or malfunction.
451,"Biological hazard, confirmed or suspected",HazSit,Hazardous Materials,Biological release incident,A hazardous situational incident involving biological material release.
460,"Accident, potential accident, other",Pub Serv,Other,Standby,"A public service incident involving the deployment of emergency resources on standby, prepared to respond to an impending situation or ongoing incident, ensuring rapid assistance if needed."
461,Building or structure weakened or collapsed. Excludes incidents where people are trapped (351).,Pub Serv,Other,Standby,"A public service incident involving the deployment of emergency resources on standby, prepared to respond to an impending situation or ongoing incident, ensuring rapid assistance if needed."
462,Aircraft standby. Includes routine standby for takeoff and landing as well as emergency alerts at airports.,Pub Serv,Other,Standby,"A public service incident involving the deployment of emergency resources on standby, prepared to respond to an impending situation or ongoing incident, ensuring rapid assistance if needed."
463,"Vehicle accident, general cleanup. Includes incidents where FD is dispatched after the accident to clear away debris. Excludes extrication from vehicle (352) and flammable liquid spills (411 or 413).",Pub Serv,Citizen Assist,Citizen Assist Service Call,"A public service incident involving a request for assistance to perform service calls such as welfare checks, lockouts, or other aid that does not involve immediate danger."
471,"Explosive, bomb removal. Includes disarming, rendering safe, and disposing of bombs or suspected devices. Excludes bomb scare (721).",HazSit,Hazard Non Chem,"Bomb scare threat response, suspicious package",A hazardous situation incident involving a bomb threat or suspicious package response.
480,"Attempted burning, illegal action, other",Fire,Outside Fire,"Dumpster, other outdoor container fire","An outdoor fire incident involving the combustion of materials inside a dumpster or similar container, often consisting of waste and discarded items."
481,Attempt to burn. Includes situations in which incendiary devices fail to function.,Law Enforce,Law Enforce,Law Enforcement,An incident where an emergency response was triggered to provide support to a law enforcement agency.
482,Threat to burn,Law Enforce,Law Enforce,Law Enforcement,An incident where an emergency response was triggered to provide support to a law enforcement agency.
500,"Service call, other",Pub Serv,Citizen Assist,Citizen Assist Service Call,"A public service incident involving a request for assistance to perform service calls such as welfare checks, lockouts, or other aid that does not involve immediate danger."
510,"Person in distress, other",Pub Serv,Citizen Assist,Person in Distress,A public service incident involving a person in distress requiring assistance or intervention from emergency responders or community services.
511,Lock-out. Includes efforts to remove keys from locked vehicles. Excludes lock-ins (331).,Pub Serv,Citizen Assist,Citizen Assist Service Call,"A public service incident involving a request for assistance to perform service calls such as welfare checks, lockout, or other aid that does not involve immediate danger."
512,"Ring or jewelry removal, without transport to hospital. Excludes persons injured (321).",Pub Serv,Citizen Assist,Person in Distress,A public service incident involving a person in distress requiring assistance or intervention from emergency responders or community services.
520,"Water problem, other",Pub Serv,Other,Citizen Assist Service Call,"A public service incident involving a request for assistance to perform service calls such as welfare checks, lockout, or other aid that does not involve immediate danger."
521,Water evacuation,Rescue,Water,Person in water - Standing,"A water rescue incident involving victim(s) who are submerged or partially submerged in standing water, such as a lake, pond, or flooded area."
521,Water evacuation,Rescue,Water,Person in water - Swiftwater,"A water rescue incident involving victim(s) who are submerged or partially submerged in fast-moving water, such as a river or stream or ocean."
522,Water or steam leak. Includes open hydrant. Excludes overpressure ruptures (211).,Pub Serv,Other,Damaged hydrant,A public service incident involving the identification of a damaged fire hydrant that requires assessment and repair to ensure operational readiness and maintain water supply for emergency response.
531,Smoke or odor removal,HazSit,Investigation,Odor,A hazardous materials investigation incident involving odor.
540,"Animal problem, other",Pub Serv,Citizen Assist,Person in Distress,A public service incident involving a person in distress requiring assistance or intervention from emergency responders or community services.
541,Animal problem,Pub Serv,Citizen Assist,Person in Distress,A public service incident involving a person in distress requiring assistance or intervention from emergency responders or community services.
542,Animal rescue,Pub Serv,Citizen Assist,Citizen Assist Service Call,"A public service incident involving a request for assistance to perform service calls such as welfare checks, lockouts, or other aid that does not involve immediate danger"
550,"Public service assistance, other",Pub Serv,Citizen Assist,Citizen Assist Service Call,"A public service incident involving a request for assistance to perform service calls such as welfare checks, lockout, or other aid that does not involve immediate danger."
551,Assist police or other governmental agency. Includes forcible entry and the provision of lighting.,Law Enforce,Law Enforce,Law Enforcement,An incident where an emergency response was triggered to provide support to a law enforcement agency.
552,Police matter. Includes incidents where FD is called to a scene that should be handled by the police.,Law Enforce,Law Enforce,Law Enforcement,An incident where an emergency response was triggered to provide support to a law enforcement agency.
553,Public service. Excludes service to governmental agencies (551 or 552).,Pub Serv,Citizen Assist,Citizen Assist Service Call,"A public service incident involving a request for assistance to perform service calls such as welfare checks, lockouts, or other aid that does not involve immediate danger."
554,"Assist invalid. Includes incidents where the invalid calls the FD for routine help, such as assisting a person in returning to bed or chair, with no transport or medical treatment given.",Pub Serv,Citizen Assist,Lift assist,A public service incident involving a person who has fallen and requires help to stand or more safely.
555,"Defective elevator, no occupants",No Emerg,Good Intent,No incident found - Location error,An incident where an emergency response was triggered but not incident was found upon arrival.
561,Unauthorized burning,Fire,Outside Fire,"Dumpster, other outdoor container fire","An outdoor fire incident involving the combustion of materials inside a dumpster or similar container, often consisting of waste and discarded items."
571,"Cover assignment, assist other fire agency such as standby at a fire station or move-up.",Pub Serv,Other,Move up,"A public service incident involving the strategic relocation of emergency response resources to prime locations, enhancing readiness and reducing response times for potential emergencies in the area."
571,"Cover assignment, assist other fire agency such as standby at a fire station or move-up.",Pub Serv,Other,Standby,"A public service incident involving the deployment of emergency resources on standby, prepared to respond to an impending situation or ongoing incident, ensuring rapid assistance if needed."
600,"Good intent call, other",No Emerg,Good Intent,No incident found - Location error,An incident where an emergency response was triggered but not incident was found upon arrival.
611,"Dispatched and canceled en route. Incident cleared or canceled prior to arrival of the responding unit. If a unit arrives on the scene, fill out the applicable code.",No Emerg,Cancelled,Cancelled,An incident where an emergency response was triggered but cancelled before agency resources arrived on scene.
621,Wrong location. Excludes malicious false alarms (710 series).,No Emerg,Good Intent,No incident found - Location error,An incident where an emergency response was triggered but not incident was found upon arrival.
622,No incident found on arrival at dispatch address.,No Emerg,Good Intent,No incident found - Location error,An incident where an emergency response was triggered but not incident was found upon arrival.
631,Authorized controlled burning. Includes fires that are agricultural in nature and managed by the property owner. Excludes unauthorized controlled burning (561) and prescribed fires (632).,No Emerg,Good Intent,Controlled burning authorized,An incident where an emergency response was triggered by an authorized controlled burn was found upon arrival.
632,Prescribed fire,No Emerg,Good Intent,Controlled burning authorized,An incident where an emergency response was triggered by an authorized controlled burn was found upon arrival.
641,Vicinity alarm (incident in other location). For use only when an erroneous report is received for a legitimate incident. Includes separate locations reported for an actual fire and multiple boxes pulled for one fire.,Pub Serv,Alarms NonMed,Other Alarm,"A public service incident involving the activation of an alarm not categorized as fire, gas, or medical, requiring investigation to determine the cause and assess any potential risks to public safety."
650,"Steam, other gas mistaken for smoke, other",No Emerg,Good Intent,Smoke from nonhostile source,"An incident where an emergency response was triggered by smoke from a non-hostile source, with no actual emergency or threat present."
651,"Smoke scare, odor of smoke, not steam (652). Excludes gas scares or odors of gas (671).",HazSit,Investigation,Smoke investigation,A hazardous materials investigation incident involving smoke.
651,"Smoke scare, odor of smoke, not steam (652). Excludes gas scares or odors of gas (671).",No Emerg,Good Intent,Smoke from nonhostile source,"An incident where an emergency response was triggered by smoke from a non-hostile source, with no actual emergency or threat present."
652,"Steam, vapor, fog, or dust thought to be smoke",No Emerg,Good Intent,Smoke from nonhostile source,"An incident where an emergency response was triggered by smoke from a non-hostile source, with no actual emergency or threat present."
653,Smoke from barbecue or tar kettle (no hostile fire).,No Emerg,Good Intent,Smoke from nonhostile source,"An incident where an emergency response was triggered by smoke from a non-hostile source, with no actual emergency or threat present."
661,"EMS call, party transported by non-fire agency",Medical,Other,Intercept other unit,A medical incident involving the transfer of a patient between units.
671,Hazardous material release investigation with no hazardous condition found. Includes odor of gas with no leak/gas found.,No Emerg,Good Intent,Investigate hazardous release,An incident where an emergency response was triggered to investigate a hazardous release with no actual emergency or threat present.
672,Biological hazard investigation with no hazardous condition found,No Emerg,Good Intent,Investigate hazardous release,An incident where an emergency response was triggered to investigate a hazardous release with no actual emergency or threat present.
700,"False alarm or false call, other",No Emerg,False Alarm,Other false call,"An incident where an emergency response was triggered by an unsustained or incorrect activation, with no actual emergency or threat present."
710,"Malicious, mischievous false alarm, other",No Emerg,False Alarm,Intentional false alarm,"An Incident where an emergency response was triggered by a deliberately false report or intentional activation of an alarm, with no actual emergency or threat present."
711,"Municipal alarm system, malicious false alarm. Includes alarms transmitted on street fire alarm boxes.",No Emerg,False Alarm,Intentional false alarm,"An Incident where an emergency response was triggered by a deliberately false report or intentional activation of an alarm, with no actual emergency or threat present."
712,"Direct tie to fire department, malicious false alarm. Includes malicious alarms transmitted via fire alarm system directly tied to the fire department, not via dialed telephone.",No Emerg,False Alarm,Intentional false alarm,"An Incident where an emergency response was triggered by a deliberately false report or intentional activation of an alarm, with no actual emergency or threat present."
713,"Telephone, malicious false alarm. Includes false alarms transmitted via the public telephone network using the local emergency reporting number of the fire department or another emergency service agency.",No Emerg,False Alarm,Intentional false alarm,"An Incident where an emergency response was triggered by a deliberately false report or intentional activation of an alarm, with no actual emergency or threat present."
714,"Central station, malicious false alarm. Includes malicious false alarms via a central-station-monitored fire alarm system.",No Emerg,False Alarm,Intentional false alarm,"An Incident where an emergency response was triggered by a deliberately false report or intentional activation of an alarm, with no actual emergency or threat present."
715,"Local alarm system, malicious false alarm. Includes malicious false alarms reported via telephone or other means as a result of activation of a local fire alarm system.",No Emerg,False Alarm,Intentional false alarm,"An Incident where an emergency response was triggered by a deliberately false report or intentional activation of an alarm, with no actual emergency or threat present."
721,Bomb scare (no bomb).,No Emerg,False Alarm,Bomb scare,"An incident where an emergency response was triggered by a bomb threat, with no actual emergency or threat present."
730,"System or detector malfunction, other",No Emerg,False Alarm,Malfunctioning alarm,"An incident where an emergency response was triggered by a malfunctioning alarm, with no actual emergency or threat present."
731,Sprinkler activated due to the failure or malfunction of the sprinkler system. Includes any failure of sprinkler equipment that leads to sprinkler activation with no fire present. Excludes unintentional operation caused by damage to the sprinkler system (740 series).,No Emerg,False Alarm,Malfunctioning alarm,"An incident where an emergency response was triggered by a malfunctioning alarm, with no actual emergency or threat present."
732,Extinguishing system activation due to malfunction.,No Emerg,False Alarm,Malfunctioning alarm,"An incident where an emergency response was triggered by a malfunctioning alarm, with no actual emergency or threat present."
733,Smoke detector activation due to malfunction.,No Emerg,False Alarm,Malfunctioning alarm,"An incident where an emergency response was triggered by a malfunctioning alarm, with no actual emergency or threat present."
734,Heat detector activation due to malfunction.,No Emerg,False Alarm,Malfunctioning alarm,"An incident where an emergency response was triggered by a malfunctioning alarm, with no actual emergency or threat present."
735,Alarm system activation due to malfunction.,No Emerg,False Alarm,Malfunctioning alarm,"An incident where an emergency response was triggered by a malfunctioning alarm, with no actual emergency or threat present."
736,Carbon monoxide detector activation due to malfunction.,No Emerg,False Alarm,Malfunctioning alarm,"An incident where an emergency response was triggered by a malfunctioning alarm, with no actual emergency or threat present."
740,"Unintentional transmission of alarm, other",No Emerg,False Alarm,Accidental alarm,"An incident where an emergency response was triggered by an accidental alarm, with no actual emergency or threat present."
741,"Sprinkler activation (no fire), unintentional. Includes testing the sprinkler system without fire department notification.",No Emerg,False Alarm,Accidental alarm,"An incident where an emergency response was triggered by an accidental alarm, with no actual emergency or threat present."
742,Extinguishing system activation. Includes testing the extinguishing system without fire department notification.,No Emerg,False Alarm,Accidental alarm,"An incident where an emergency response was triggered by an accidental alarm, with no actual emergency or threat present."
743,"Smoke detector activation (no fire), unintentional. Includes proper system responses to environmental stimuli such as non hostile smoke.",No Emerg,False Alarm,Accidental alarm,"An incident where an emergency response was triggered by an accidental alarm, with no actual emergency or threat present."
744,"Detector activation (no fire), unintentional. A result of a proper system response to environmental stimuli such as high heat conditions.",No Emerg,False Alarm,Accidental alarm,"An incident where an emergency response was triggered by an accidental alarm, with no actual emergency or threat present."
745,"Alarm system activation (no fire), unintentional.",No Emerg,False Alarm,Accidental alarm,"An incident where an emergency response was triggered by an accidental alarm, with no actual emergency or threat present."
746,Carbon monoxide detector activation (no carbon monoxide detected). Excludes carbon monoxide detector malfunction.,No Emerg,False Alarm,Accidental alarm,"An incident where an emergency response was triggered by an accidental alarm, with no actual emergency or threat present."
751,"Biological hazard, malicious false report",No Emerg,False Alarm,Other false call,"An incident where an emergency response was triggered by an unsustained or incorrect activation, with no actual emergency or threat present."
800,"Severe weather or natural disaster, other",Pub Serv,Disaster Weather,Weather response,"A public service incident involving a response to severe weather conditions, requiring action to ensure public safety, provide assistance, and mitigate potential hazards caused by the event."
811,"Earthquake assessment, no rescue or other service rendered.",Pub Serv,Disaster Weather,Damage assessment,"A public service incident involving a disaster or severe weather event that necessitates a damage assessment to evaluate the impact on infrastructure, safety, and resources in a specific location."
812,Flood assessment. Excludes water rescue (360 series).,Pub Serv,Disaster Weather,Damage assessment,"A public service incident involving a disaster or severe weather event that necessitates a damage assessment to evaluate the impact on infrastructure, safety, and resources in a specific location."
813,"Wind storm. Includes tornado, hurricane, or cyclone assessment. No other service rendered.",Pub Serv,Disaster Weather,Damage assessment,"A public service incident involving a disaster or severe weather event that necessitates a damage assessment to evaluate the impact on infrastructure, safety, and resources in a specific location."
814,Lightning strike (no fire). Includes investigation.,Pub Serv,Disaster Weather,Weather response,"A public service incident involving a response to severe weather conditions, requiring action to ensure public safety, provide assistance, and mitigate potential hazards caused by the event."
815,Severe weather or natural disaster standby,Pub Serv,Disaster Weather,Weather response,"A public service incident involving a response to severe weather conditions, requiring action to ensure public safety, provide assistance, and mitigate potential hazards caused by the event."
112,"Tent fire, under sheltered",Fire,Structure Fire,"Structural involvement fire, room and contents fire",A structure fire incident involving the structural components of a building; structure fire incident involving the room and contents of a building(s).
112,Fence fire,Fire,Special Fire,"Infrastructure fire (Fence, Tunnel, Bridge)","A special fire incident involving an explosion that affects infrastructure, such as pipelines, power lines, tunnels, bridges, or other critical systems."
142,Bark dust fire,Fire,Outside Fire,"Vegetation, Grass fire","An outdoor fire incident involving the ignition and spread of fire through vegetation, grass, or other plant materials."
143,Hay Fire,Fire,Outside Fire,"Vegetation, Grass fire","An outdoor fire incident involving the ignition and spread of fire through vegetation, grass, or other plant materials."
311,Lift Assist with Patient Care Record.,Pub Serv,Citizen Assist,Citizen Assist Service Call,"A public service incident involving a request for assistance to perform service calls such as welfare checks, lockouts, or other aid that does not involve immediate danger."
321,"EMS call, walk in",Medical,Other,Healthcare professional admission,A medical incident involving a patient admission to a healthcare professional or facility.
461,Downed Tree,Pub Serv,Citizen Assist,Citizen Assist Service Call,"A public service incident involving a request for assistance to perform service calls such as welfare checks, lockouts, or other aid that does not involve immediate danger."
553,Community paramedics,Medical,Other,Community Public Health,A medical incident that involves fire department personnel and/or paramedics to provide services to prevent emergency situations or reduce the likelihood of their occurrence in the future.
553,Smoke alarm installation,Pub Serv,Citizen Assist,Citizen Assist Service Call,"A public service incident involving a request for assistance to perform service calls such as welfare checks, lockout, or other aid that does not involve immediate danger."
553,"Downed low-voltage lines, cables, wires",HazSit,Hazard Non Chem,"Elec power line down, arching, malfunc",A hazardous situation incident involving an arching or down power line or malfunction
611,Dispatched and canceled prior to going en route.,No Emerg,Cancelled,Cancelled,An incident where an emergency response was triggered but cancelled before agency resources arrived on scene.
611,"Dispatched, Canceled en route - EMS Call",No Emerg,Cancelled,Cancelled,An incident where an emergency response was triggered but cancelled before agency resources arrived on scene.
611,"Dispatched, Canceled en route - EMS Alarm",No Emerg,Cancelled,Cancelled,An incident where an emergency response was triggered but cancelled before agency resources arrived on scene.
611,"Dispatched, Canceled en route - Fire Call",No Emerg,Cancelled,Cancelled,An incident where an emergency response was triggered but cancelled before agency resources arrived on scene.
611,"Dispatched, Canceled en route - Fire Alarm",No Emerg,Cancelled,Cancelled,An incident where an emergency response was triggered but cancelled before agency resources arrived on scene.
611,"Dispatched, Canceled en route - MVA",No Emerg,Cancelled,Cancelled,An incident where an emergency response was triggered but cancelled before agency resources arrived on scene.
611,"Dispatched, Canceled en route - Unable to respond",No Emerg,Cancelled,Cancelled,An incident where an emergency response was triggered but cancelled before agency resources arrived on scene.
611,"Dispatched, Canceled en route - Medical Assist",No Emerg,Cancelled,Cancelled,An incident where an emergency response was triggered but cancelled before agency resources arrived on scene.
